[
  {
    "value": "黑色",
    "synonyms": [
      "黑色"
    ]
  },
  {
    "value": "昏灰",
    "synonyms": [
      "昏灰"
    ]
  },
  {
    "value": "灰色",
    "synonyms": [
      "灰色"
    ]
  },
  {
    "value": "暗灰",
    "synonyms": [
      "暗灰"
    ]
  },
  {
    "value": "銀色",
    "synonyms": [
      "銀色"
    ]
  },
  {
    "value": "亮灰色",
    "synonyms": [
      "亮灰色"
    ]
  },
  {
    "value": "庚斯博羅灰",
    "synonyms": [
      "庚斯博羅灰"
    ]
  },
  {
    "value": "白煙色",
    "synonyms": [
      "白煙色"
    ]
  },
  {
    "value": "白色",
    "synonyms": [
      "白色"
    ]
  },
  {
    "value": "雪色",
    "synonyms": [
      "雪色"
    ]
  },
  {
    "value": "鐵灰色",
    "synonyms": [
      "鐵灰色"
    ]
  },
  {
    "value": "沙棕",
    "synonyms": [
      "沙棕"
    ]
  },
  {
    "value": "玫瑰褐",
    "synonyms": [
      "玫瑰褐"
    ]
  },
  {
    "value": "亮珊瑚色",
    "synonyms": [
      "亮珊瑚色"
    ]
  },
  {
    "value": "印度紅",
    "synonyms": [
      "印度紅"
    ]
  },
  {
    "value": "褐色",
    "synonyms": [
      "褐色"
    ]
  },
  {
    "value": "磚紅色",
    "synonyms": [
      "磚紅色"
    ]
  },
  {
    "value": "栗色",
    "synonyms": [
      "栗色"
    ]
  },
  {
    "value": "暗紅",
    "synonyms": [
      "暗紅"
    ]
  },
  {
    "value": "鮮紅",
    "synonyms": [
      "鮮紅"
    ]
  },
  {
    "value": "紅色",
    "synonyms": [
      "紅色"
    ]
  },
  {
    "value": "柿子橙",
    "synonyms": [
      "柿子橙"
    ]
  },
  {
    "value": "霧玫瑰色",
    "synonyms": [
      "霧玫瑰色"
    ]
  },
  {
    "value": "鮭紅",
    "synonyms": [
      "鮭紅"
    ]
  },
  {
    "value": "腥紅",
    "synonyms": [
      "腥紅"
    ]
  },
  {
    "value": "蕃茄紅",
    "synonyms": [
      "蕃茄紅"
    ]
  },
  {
    "value": "暗鮭紅",
    "synonyms": [
      "暗鮭紅"
    ]
  },
  {
    "value": "珊瑚紅",
    "synonyms": [
      "珊瑚紅"
    ]
  },
  {
    "value": "橙紅",
    "synonyms": [
      "橙紅"
    ]
  },
  {
    "value": "亮鮭紅",
    "synonyms": [
      "亮鮭紅"
    ]
  },
  {
    "value": "朱紅",
    "synonyms": [
      "朱紅"
    ]
  },
  {
    "value": "赭黃",
    "synonyms": [
      "赭黃"
    ]
  },
  {
    "value": "熱帶橙",
    "synonyms": [
      "熱帶橙"
    ]
  },
  {
    "value": "駝色",
    "synonyms": [
      "駝色"
    ]
  },
  {
    "value": "杏黃",
    "synonyms": [
      "杏黃"
    ]
  },
  {
    "value": "椰褐",
    "synonyms": [
      "椰褐"
    ]
  },
  {
    "value": "海貝色",
    "synonyms": [
      "海貝色"
    ]
  },
  {
    "value": "鞍褐",
    "synonyms": [
      "鞍褐"
    ]
  },
  {
    "value": "巧克力色",
    "synonyms": [
      "巧克力色"
    ]
  },
  {
    "value": "燃橙",
    "synonyms": [
      "燃橙"
    ]
  },
  {
    "value": "陽橙",
    "synonyms": [
      "陽橙"
    ]
  },
  {
    "value": "粉撲桃色",
    "synonyms": [
      "粉撲桃色"
    ]
  },
  {
    "value": "沙褐",
    "synonyms": [
      "沙褐"
    ]
  },
  {
    "value": "銅色",
    "synonyms": [
      "銅色"
    ]
  },
  {
    "value": "亞麻色",
    "synonyms": [
      "亞麻色"
    ]
  },
  {
    "value": "蜜橙",
    "synonyms": [
      "蜜橙"
    ]
  },
  {
    "value": "秘魯色",
    "synonyms": [
      "秘魯色"
    ]
  },
  {
    "value": "烏賊墨色",
    "synonyms": [
      "烏賊墨色"
    ]
  },
  {
    "value": "赭色",
    "synonyms": [
      "赭色"
    ]
  },
  {
    "value": "陶坯黃",
    "synonyms": [
      "陶坯黃"
    ]
  },
  {
    "value": "橘色",
    "synonyms": [
      "橘色"
    ]
  },
  {
    "value": "暗橙",
    "synonyms": [
      "暗橙"
    ]
  },
  {
    "value": "古董白",
    "synonyms": [
      "古董白"
    ]
  },
  {
    "value": "日曬色",
    "synonyms": [
      "日曬色"
    ]
  },
  {
    "value": "硬木色",
    "synonyms": [
      "硬木色"
    ]
  },
  {
    "value": "杏仁白",
    "synonyms": [
      "杏仁白"
    ]
  },
  {
    "value": "那瓦霍白",
    "synonyms": [
      "那瓦霍白"
    ]
  },
  {
    "value": "萬壽菊黃",
    "synonyms": [
      "萬壽菊黃"
    ]
  },
  {
    "value": "蕃木瓜色",
    "synonyms": [
      "蕃木瓜色"
    ]
  },
  {
    "value": "灰土色",
    "synonyms": [
      "灰土色"
    ]
  },
  {
    "value": "卡其色",
    "synonyms": [
      "卡其色"
    ]
  },
  {
    "value": "鹿皮鞋色",
    "synonyms": [
      "鹿皮鞋色"
    ]
  },
  {
    "value": "舊蕾絲色",
    "synonyms": [
      "舊蕾絲色"
    ]
  },
  {
    "value": "小麥色",
    "synonyms": [
      "小麥色"
    ]
  },
  {
    "value": "桃色",
    "synonyms": [
      "桃色"
    ]
  },
  {
    "value": "橙色",
    "synonyms": [
      "橙色"
    ]
  },
  {
    "value": "花卉白",
    "synonyms": [
      "花卉白"
    ]
  },
  {
    "value": "金菊色",
    "synonyms": [
      "金菊色"
    ]
  },
  {
    "value": "暗金菊色",
    "synonyms": [
      "暗金菊色"
    ]
  },
  {
    "value": "咖啡色",
    "synonyms": [
      "咖啡色"
    ]
  },
  {
    "value": "茉莉黃",
    "synonyms": [
      "茉莉黃"
    ]
  },
  {
    "value": "琥珀色",
    "synonyms": [
      "琥珀色"
    ]
  },
  {
    "value": "玉米絲色",
    "synonyms": [
      "玉米絲色"
    ]
  },
  {
    "value": "鉻黃",
    "synonyms": [
      "鉻黃"
    ]
  },
  {
    "value": "金色",
    "synonyms": [
      "金色"
    ]
  },
  {
    "value": "檸檬綢色",
    "synonyms": [
      "檸檬綢色"
    ]
  },
  {
    "value": "亮卡其色",
    "synonyms": [
      "亮卡其色"
    ]
  },
  {
    "value": "灰金菊色",
    "synonyms": [
      "灰金菊色"
    ]
  },
  {
    "value": "暗卡其色",
    "synonyms": [
      "暗卡其色"
    ]
  },
  {
    "value": "含羞草黃",
    "synonyms": [
      "含羞草黃"
    ]
  },
  {
    "value": "奶油色",
    "synonyms": [
      "奶油色"
    ]
  },
  {
    "value": "象牙色",
    "synonyms": [
      "象牙色"
    ]
  },
  {
    "value": "米色",
    "synonyms": [
      "米色"
    ]
  },
  {
    "value": "亮黃",
    "synonyms": [
      "亮黃"
    ]
  },
  {
    "value": "亮金菊黃",
    "synonyms": [
      "亮金菊黃"
    ]
  },
  {
    "value": "香檳黃",
    "synonyms": [
      "香檳黃"
    ]
  },
  {
    "value": "芥末黃",
    "synonyms": [
      "芥末黃"
    ]
  },
  {
    "value": "月黃",
    "synonyms": [
      "月黃"
    ]
  },
  {
    "value": "橄欖色",
    "synonyms": [
      "橄欖色"
    ]
  },
  {
    "value": "鮮黃",
    "synonyms": [
      "鮮黃"
    ]
  },
  {
    "value": "黃色",
    "synonyms": [
      "黃色"
    ]
  },
  {
    "value": "苔蘚綠",
    "synonyms": [
      "苔蘚綠"
    ]
  },
  {
    "value": "亮檸檬綠",
    "synonyms": [
      "亮檸檬綠"
    ]
  },
  {
    "value": "橄欖軍服綠",
    "synonyms": [
      "橄欖軍服綠"
    ]
  },
  {
    "value": "黃綠",
    "synonyms": [
      "黃綠"
    ]
  },
  {
    "value": "暗橄欖綠",
    "synonyms": [
      "暗橄欖綠"
    ]
  },
  {
    "value": "蘋果綠",
    "synonyms": [
      "蘋果綠"
    ]
  },
  {
    "value": "綠黃",
    "synonyms": [
      "綠黃"
    ]
  },
  {
    "value": "草綠",
    "synonyms": [
      "草綠"
    ]
  },
  {
    "value": "草坪綠",
    "synonyms": [
      "草坪綠"
    ]
  },
  {
    "value": "查特酒綠",
    "synonyms": [
      "查特酒綠"
    ]
  },
  {
    "value": "葉綠",
    "synonyms": [
      "葉綠"
    ]
  },
  {
    "value": "嫩綠",
    "synonyms": [
      "嫩綠"
    ]
  },
  {
    "value": "明綠",
    "synonyms": [
      "明綠"
    ]
  },
  {
    "value": "鈷綠",
    "synonyms": [
      "鈷綠"
    ]
  },
  {
    "value": "蜜瓜綠",
    "synonyms": [
      "蜜瓜綠"
    ]
  },
  {
    "value": "暗海綠",
    "synonyms": [
      "暗海綠"
    ]
  },
  {
    "value": "亮綠",
    "synonyms": [
      "亮綠"
    ]
  },
  {
    "value": "灰綠",
    "synonyms": [
      "灰綠"
    ]
  },
  {
    "value": "常春藤綠",
    "synonyms": [
      "常春藤綠"
    ]
  },
  {
    "value": "森林綠",
    "synonyms": [
      "森林綠"
    ]
  },
  {
    "value": "檸檬綠",
    "synonyms": [
      "檸檬綠"
    ]
  },
  {
    "value": "暗綠",
    "synonyms": [
      "暗綠"
    ]
  },
  {
    "value": "綠色",
    "synonyms": [
      "綠色"
    ]
  },
  {
    "value": "鮮綠色",
    "synonyms": [
      "鮮綠色"
    ]
  },
  {
    "value": "孔雀石綠",
    "synonyms": [
      "孔雀石綠"
    ]
  },
  {
    "value": "薄荷綠",
    "synonyms": [
      "薄荷綠"
    ]
  },
  {
    "value": "青瓷綠",
    "synonyms": [
      "青瓷綠"
    ]
  },
  {
    "value": "綠松石綠",
    "synonyms": [
      "綠松石綠"
    ]
  },
  {
    "value": "鉻綠",
    "synonyms": [
      "鉻綠"
    ]
  },
  {
    "value": "蒼色",
    "synonyms": [
      "蒼色"
    ]
  },
  {
    "value": "海綠",
    "synonyms": [
      "海綠"
    ]
  },
  {
    "value": "中海綠",
    "synonyms": [
      "中海綠"
    ]
  },
  {
    "value": "薄荷奶油色",
    "synonyms": [
      "薄荷奶油色"
    ]
  },
  {
    "value": "春綠",
    "synonyms": [
      "春綠"
    ]
  },
  {
    "value": "孔雀綠",
    "synonyms": [
      "孔雀綠"
    ]
  },
  {
    "value": "中春綠色",
    "synonyms": [
      "中春綠色"
    ]
  },
  {
    "value": "中碧藍色",
    "synonyms": [
      "中碧藍色"
    ]
  },
  {
    "value": "碧藍色",
    "synonyms": [
      "碧藍色"
    ]
  },
  {
    "value": "青藍",
    "synonyms": [
      "青藍"
    ]
  },
  {
    "value": "水藍",
    "synonyms": [
      "水藍"
    ]
  },
  {
    "value": "土耳其藍",
    "synonyms": [
      "土耳其藍"
    ]
  },
  {
    "value": "綠松石色",
    "synonyms": [
      "綠松石色"
    ]
  },
  {
    "value": "亮海綠",
    "synonyms": [
      "亮海綠"
    ]
  },
  {
    "value": "中綠松石色",
    "synonyms": [
      "中綠松石色"
    ]
  },
  {
    "value": "亮青",
    "synonyms": [
      "亮青"
    ]
  },
  {
    "value": "淺藍",
    "synonyms": [
      "淺藍"
    ]
  },
  {
    "value": "灰綠松石色",
    "synonyms": [
      "灰綠松石色"
    ]
  },
  {
    "value": "暗岩灰",
    "synonyms": [
      "暗岩灰"
    ]
  },
  {
    "value": "鳧綠",
    "synonyms": [
      "鳧綠"
    ]
  },
  {
    "value": "暗青",
    "synonyms": [
      "暗青"
    ]
  },
  {
    "value": "青色",
    "synonyms": [
      "青色"
    ]
  },
  {
    "value": "水色",
    "synonyms": [
      "水色"
    ]
  },
  {
    "value": "暗綠松石色",
    "synonyms": [
      "暗綠松石色"
    ]
  },
  {
    "value": "軍服藍",
    "synonyms": [
      "軍服藍"
    ]
  },
  {
    "value": "孔雀藍",
    "synonyms": [
      "孔雀藍"
    ]
  },
  {
    "value": "粉藍",
    "synonyms": [
      "粉藍"
    ]
  },
  {
    "value": "濃藍",
    "synonyms": [
      "濃藍"
    ]
  },
  {
    "value": "亮藍",
    "synonyms": [
      "亮藍"
    ]
  },
  {
    "value": "灰藍",
    "synonyms": [
      "灰藍"
    ]
  },
  {
    "value": "薩克斯藍",
    "synonyms": [
      "薩克斯藍"
    ]
  },
  {
    "value": "深天藍",
    "synonyms": [
      "深天藍"
    ]
  },
  {
    "value": "水手藍",
    "synonyms": [
      "水手藍"
    ]
  },
  {
    "value": "普魯士藍",
    "synonyms": [
      "普魯士藍"
    ]
  },
  {
    "value": "愛麗絲藍",
    "synonyms": [
      "愛麗絲藍"
    ]
  },
  {
    "value": "道奇藍",
    "synonyms": [
      "道奇藍"
    ]
  },
  {
    "value": "礦藍",
    "synonyms": [
      "礦藍"
    ]
  },
  {
    "value": "湛藍",
    "synonyms": [
      "湛藍"
    ]
  },
  {
    "value": "韋奇伍德瓷藍",
    "synonyms": [
      "韋奇伍德瓷藍"
    ]
  },
  {
    "value": "亮鋼藍",
    "synonyms": [
      "亮鋼藍"
    ]
  },
  {
    "value": "鈷藍",
    "synonyms": [
      "鈷藍"
    ]
  },
  {
    "value": "灰丁寧藍",
    "synonyms": [
      "灰丁寧藍"
    ]
  },
  {
    "value": "鼠尾草藍",
    "synonyms": [
      "鼠尾草藍"
    ]
  },
  {
    "value": "暗粉藍",
    "synonyms": [
      "暗粉藍"
    ]
  },
  {
    "value": "藍寶石色",
    "synonyms": [
      "藍寶石色"
    ]
  },
  {
    "value": "國際奇連藍",
    "synonyms": [
      "國際奇連藍"
    ]
  },
  {
    "value": "蔚藍",
    "synonyms": [
      "蔚藍"
    ]
  },
  {
    "value": "品藍",
    "synonyms": [
      "品藍"
    ]
  },
  {
    "value": "暗礦藍",
    "synonyms": [
      "暗礦藍"
    ]
  },
  {
    "value": "極濃海藍",
    "synonyms": [
      "極濃海藍"
    ]
  },
  {
    "value": "天青石藍",
    "synonyms": [
      "天青石藍"
    ]
  },
  {
    "value": "幽靈白",
    "synonyms": [
      "幽靈白"
    ]
  },
  {
    "value": "薰衣草紫",
    "synonyms": [
      "薰衣草紫"
    ]
  },
  {
    "value": "長春花色",
    "synonyms": [
      "長春花色"
    ]
  },
  {
    "value": "午夜藍",
    "synonyms": [
      "午夜藍"
    ]
  },
  {
    "value": "藏青",
    "synonyms": [
      "藏青"
    ]
  },
  {
    "value": "暗藍",
    "synonyms": [
      "暗藍"
    ]
  },
  {
    "value": "中藍",
    "synonyms": [
      "中藍"
    ]
  },
  {
    "value": "藍色",
    "synonyms": [
      "藍色"
    ]
  },
  {
    "value": "淺灰紫紅",
    "synonyms": [
      "淺灰紫紅"
    ]
  },
  {
    "value": "靛色",
    "synonyms": [
      "靛色"
    ]
  },
  {
    "value": "暗岩藍",
    "synonyms": [
      "暗岩藍"
    ]
  },
  {
    "value": "鋼青色",
    "synonyms": [
      "鋼青色"
    ]
  },
  {
    "value": "碧綠",
    "synonyms": [
      "碧綠"
    ]
  },
  {
    "value": "紫色",
    "synonyms": [
      "紫色"
    ]
  },
  {
    "value": "岩藍",
    "synonyms": [
      "岩藍"
    ]
  },
  {
    "value": "矢車菊藍",
    "synonyms": [
      "矢車菊藍"
    ]
  },
  {
    "value": "中岩藍",
    "synonyms": [
      "中岩藍"
    ]
  },
  {
    "value": "紫羅蘭色",
    "synonyms": [
      "紫羅蘭色"
    ]
  },
  {
    "value": "岩灰",
    "synonyms": [
      "岩灰"
    ]
  },
  {
    "value": "亮岩灰",
    "synonyms": [
      "亮岩灰"
    ]
  },
  {
    "value": "藍紫",
    "synonyms": [
      "藍紫"
    ]
  },
  {
    "value": "暗洋紅",
    "synonyms": [
      "暗洋紅"
    ]
  },
  {
    "value": "梅紅色",
    "synonyms": [
      "梅紅色"
    ]
  },
  {
    "value": "天空藍",
    "synonyms": [
      "天空藍"
    ]
  },
  {
    "value": "淺天藍",
    "synonyms": [
      "淺天藍"
    ]
  },
  {
    "value": "勃艮第酒紅",
    "synonyms": [
      "勃艮第酒紅"
    ]
  },
  {
    "value": "宗主教",
    "synonyms": [
      "宗主教"
    ]
  },
  {
    "value": "中紫紅",
    "synonyms": [
      "中紫紅"
    ]
  },
  {
    "value": "暗紫",
    "synonyms": [
      "暗紫"
    ]
  },
  {
    "value": "暗蘭紫",
    "synonyms": [
      "暗蘭紫"
    ]
  },
  {
    "value": "紫水晶色",
    "synonyms": [
      "紫水晶色"
    ]
  },
  {
    "value": "中蘭紫",
    "synonyms": [
      "中蘭紫"
    ]
  },
  {
    "value": "三色堇紫",
    "synonyms": [
      "三色堇紫"
    ]
  },
  {
    "value": "錦葵紫",
    "synonyms": [
      "錦葵紫"
    ]
  },
  {
    "value": "優品紫紅",
    "synonyms": [
      "優品紫紅"
    ]
  },
  {
    "value": "淡紫丁香色",
    "synonyms": [
      "淡紫丁香色"
    ]
  },
  {
    "value": "礦紫",
    "synonyms": [
      "礦紫"
    ]
  },
  {
    "value": "亮紫",
    "synonyms": [
      "亮紫"
    ]
  },
  {
    "value": "紫藤色",
    "synonyms": [
      "紫藤色"
    ]
  },
  {
    "value": "紫丁香色",
    "synonyms": [
      "紫丁香色"
    ]
  },
  {
    "value": "纈草紫",
    "synonyms": [
      "纈草紫"
    ]
  },
  {
    "value": "木槿紫",
    "synonyms": [
      "木槿紫"
    ]
  },
  {
    "value": "薊紫",
    "synonyms": [
      "薊紫"
    ]
  },
  {
    "value": "鐵線蓮紫",
    "synonyms": [
      "鐵線蓮紫"
    ]
  },
  {
    "value": "洋紅",
    "synonyms": [
      "洋紅"
    ]
  },
  {
    "value": "品紅",
    "synonyms": [
      "品紅"
    ]
  },
  {
    "value": "蘭紫",
    "synonyms": [
      "蘭紫"
    ]
  },
  {
    "value": "淺珍珠紅",
    "synonyms": [
      "淺珍珠紅"
    ]
  },
  {
    "value": "陳玫紅",
    "synonyms": [
      "陳玫紅"
    ]
  },
  {
    "value": "淺玫瑰紅",
    "synonyms": [
      "淺玫瑰紅"
    ]
  },
  {
    "value": "中青紫紅",
    "synonyms": [
      "中青紫紅"
    ]
  },
  {
    "value": "洋玫瑰紅",
    "synonyms": [
      "洋玫瑰紅"
    ]
  },
  {
    "value": "玫瑰紅",
    "synonyms": [
      "玫瑰紅"
    ]
  },
  {
    "value": "紅寶石色",
    "synonyms": [
      "紅寶石色"
    ]
  },
  {
    "value": "山茶紅",
    "synonyms": [
      "山茶紅"
    ]
  },
  {
    "value": "深粉紅",
    "synonyms": [
      "深粉紅"
    ]
  },
  {
    "value": "火鶴紅",
    "synonyms": [
      "火鶴紅"
    ]
  },
  {
    "value": "淺珊瑚紅",
    "synonyms": [
      "淺珊瑚紅"
    ]
  },
  {
    "value": "暖粉紅",
    "synonyms": [
      "暖粉紅"
    ]
  },
  {
    "value": "尖晶石紅",
    "synonyms": [
      "尖晶石紅"
    ]
  },
  {
    "value": "胭脂紅",
    "synonyms": [
      "胭脂紅"
    ]
  },
  {
    "value": "淺粉紅",
    "synonyms": [
      "淺粉紅"
    ]
  },
  {
    "value": "樞機紅",
    "synonyms": [
      "樞機紅"
    ]
  },
  {
    "value": "薰衣草紫紅",
    "synonyms": [
      "薰衣草紫紅"
    ]
  },
  {
    "value": "灰紫紅",
    "synonyms": [
      "灰紫紅"
    ]
  },
  {
    "value": "櫻桃紅",
    "synonyms": [
      "櫻桃紅"
    ]
  },
  {
    "value": "淺鮭紅",
    "synonyms": [
      "淺鮭紅"
    ]
  },
  {
    "value": "緋紅",
    "synonyms": [
      "緋紅"
    ]
  },
  {
    "value": "粉紅",
    "synonyms": [
      "粉紅"
    ]
  },
  {
    "value": "亮粉紅",
    "synonyms": [
      "亮粉紅"
    ]
  },
  {
    "value": "殼黃紅",
    "synonyms": [
      "殼黃紅"
    ]
  },
  {
    "value": "茜紅",
    "synonyms": [
      "茜紅"
    ]
  }
]