[
  {
    "id": "1afcc5af-728b-4a90-91ab-c9ac4cd81ea9",
    "data": [
      {
        "text": "我喜歡",
        "userDefined": false
      },
      {
        "text": "綠色",
        "meta": "@color",
        "alias": "color",
        "userDefined": false
      }
    ],
    "isTemplate": false,
    "count": 0,
    "lang": "zh-tw",
    "updated": 0
  },
  {
    "id": "2d2a0f7d-ac25-4515-affd-2e304d46443f",
    "data": [
      {
        "text": "我覺得應該是",
        "userDefined": false
      },
      {
        "text": "黑色",
        "meta": "@color",
        "alias": "color",
        "userDefined": false
      }
    ],
    "isTemplate": false,
    "count": 0,
    "lang": "zh-tw",
    "updated": 0
  },
  {
    "id": "16aa36fd-168a-457b-8bc3-e71f1a1c2327",
    "data": [
      {
        "text": "我想要",
        "userDefined": false
      },
      {
        "text": "藍色",
        "meta": "@color",
        "alias": "color",
        "userDefined": false
      }
    ],
    "isTemplate": false,
    "count": 0,
    "lang": "zh-tw",
    "updated": 0
  },
  {
    "id": "78076b1c-ccd2-4414-a7da-29057b6725ff",
    "data": [
      {
        "text": "我愛",
        "userDefined": false
      },
      {
        "text": "紅色",
        "meta": "@color",
        "alias": "color",
        "userDefined": false
      }
    ],
    "isTemplate": false,
    "count": 1,
    "lang": "zh-tw",
    "updated": 0
  }
]